{"inputUnits":[34],"outputUnits":2,"inputs":{"0":{"dtype":"number","min":328.0210288674915,"max":588.1459959750046},"1":{"dtype":"number","min":102.27027032161965,"max":236.19604444689327},"2":{"dtype":"number","min":339.34717556845817,"max":597.2744781034002},"3":{"dtype":"number","min":91.47962280748419,"max":253.87860487407283},"4":{"dtype":"number","min":313.7992944977163,"max":579.1468472610652},"5":{"dtype":"number","min":90.55971731935495,"max":253.7067695350499},"6":{"dtype":"number","min":355.68762842319353,"max":612.7432001611138},"7":{"dtype":"number","min":105.06146501474345,"max":264.36248066824237},"8":{"dtype":"number","min":293.7478875186193,"max":559.9773803295328},"9":{"dtype":"number","min":102.88228432028211,"max":277.25814210765554},"10":{"dtype":"number","min":378.30211119893,"max":603.0161555546267},"11":{"dtype":"number","min":166.6185727843051,"max":210.77022448587974},"12":{"dtype":"number","min":271.07493359754983,"max":581.7668335910901},"13":{"dtype":"number","min":149.95667691360651,"max":284.4160223934901},"14":{"dtype":"number","min":428.74573288260734,"max":626.8986481544109},"15":{"dtype":"number","min":210.45658571710845,"max":311.56712869725806},"16":{"dtype":"number","min":219.95733120098188,"max":545.7020064179536},"17":{"dtype":"number","min":243.92994149649655,"max":334.64615996245743},"18":{"dtype":"number","min":436.8320800543759,"max":610.3907769941634},"19":{"dtype":"number","min":199.58989310357356,"max":432.0656523352003},"20":{"dtype":"number","min":147.85747602292074,"max":567.3376993260958},"21":{"dtype":"number","min":273.64351621397736,"max":441.08624677249895},"22":{"dtype":"number","min":366.47082555154884,"max":604.1605593907694},"23":{"dtype":"number","min":190.58361780782616,"max":374.9175942268817},"24":{"dtype":"number","min":268.79640690547484,"max":586.9097864766993},"25":{"dtype":"number","min":192.83795961610076,"max":373.7943157982734},"26":{"dtype":"number","min":477.6867469461048,"max":593.3768665002013},"27":{"dtype":"number","min":308.739409687918,"max":411.14055945251704},"28":{"dtype":"number","min":140.30743075715893,"max":590.6488488342047},"29":{"dtype":"number","min":310.42267201939444,"max":489.71124552567187},"30":{"dtype":"number","min":469.484987370235,"max":610.4645392866914},"31":{"dtype":"number","min":352.1436217786737,"max":517.514372846032},"32":{"dtype":"number","min":158.34977279841203,"max":601.8030577782064},"33":{"dtype":"number","min":358.89101058128745,"max":564.724995653917}},"outputs":{"0":{"dtype":"string","min":0,"max":1,"uniqueValues":["a","y"],"legend":{"a":[1,0],"y":[0,1]}}},"isNormalized":true}