{"inputUnits":[34],"outputUnits":2,"inputs":{"0":{"dtype":"number","min":304.7969785460238,"max":361.28761172758465},"1":{"dtype":"number","min":91.72536055865456,"max":171.94089421966197},"2":{"dtype":"number","min":319.6434050682454,"max":372.45838209812746},"3":{"dtype":"number","min":80.5036722917965,"max":162.3507939795112},"4":{"dtype":"number","min":298.98163198033194,"max":350.4373655801617},"5":{"dtype":"number","min":80.57050066699313,"max":160.21835705649528},"6":{"dtype":"number","min":338.6960313848948,"max":395.1336114786942},"7":{"dtype":"number","min":90.24884175697653,"max":171.2908282446954},"8":{"dtype":"number","min":286.68691137885304,"max":341.20324992020306},"9":{"dtype":"number","min":89.17851845114149,"max":173.5024822546814},"10":{"dtype":"number","min":360.11687044967476,"max":418.32774833946377},"11":{"dtype":"number","min":169.7871772973918,"max":225.99801267631324},"12":{"dtype":"number","min":278.49042625278815,"max":321.2449882002656},"13":{"dtype":"number","min":173.4977098754408,"max":225.18172327182634},"14":{"dtype":"number","min":386.4203106475711,"max":460.9531933973735},"15":{"dtype":"number","min":146.1035085002736,"max":264.3004456753861},"16":{"dtype":"number","min":223.02125923364542,"max":287.4750895815601},"17":{"dtype":"number","min":121.30774115773954,"max":257.3564082639227},"18":{"dtype":"number","min":352.17890401758575,"max":529.2945939000942},"19":{"dtype":"number","min":80.76013913878208,"max":314.8489207701924},"20":{"dtype":"number","min":221.69038290179657,"max":295.2143699556937},"21":{"dtype":"number","min":84.22938068553168,"max":311.92286272457136},"22":{"dtype":"number","min":348.5397018254499,"max":410.86033208824784},"23":{"dtype":"number","min":312.23698597473856,"max":394.23833349799366},"24":{"dtype":"number","min":290.4019735017175,"max":339.60676497522496},"25":{"dtype":"number","min":310.5679689399927,"max":389.7720859393999},"26":{"dtype":"number","min":353.963493020618,"max":423.60268559437316},"27":{"dtype":"number","min":360.6667734583992,"max":474.2751882233972},"28":{"dtype":"number","min":172.70015731395915,"max":323.1967578694978},"29":{"dtype":"number","min":296.7123092473249,"max":435.52063641381176},"30":{"dtype":"number","min":349.2786178885731,"max":403.71840718191424},"31":{"dtype":"number","min":426.1630450890686,"max":551.6009848034336},"32":{"dtype":"number","min":205.0734416798395,"max":333.11247116860716},"33":{"dtype":"number","min":335.23476211013497,"max":500.4328615656159}},"outputs":{"0":{"dtype":"string","min":0,"max":1,"uniqueValues":["a","y"],"legend":{"a":[1,0],"y":[0,1]}}},"isNormalized":true}